INSERT INTO `users` (id, nick, email, status, password, biography) VALUES (1, 'Maverick84', 'maverick84@example.com', 'Explorando nuevos horizontes', 'password1', 'Apasionado por la tecnología y los viajes');
INSERT INTO `users` (id, nick, email, status, password, biography) VALUES (2, 'SkyWatcher', 'skywatcher@example.com', 'Observando estrellas', 'password2', 'Amante de la astronomía y la ciencia ficción');
INSERT INTO `users` (id, nick, email, status, password, biography) VALUES (3, 'GourmetQueen', 'gourmetqueen@example.com', 'Descubriendo sabores', 'password3', 'Explorando el mundo culinario uno plato a la vez');
INSERT INTO `users` (id, nick, email, status, password, biography) VALUES (4, 'TrailBlazer', 'trailblazer@example.com', 'Recorriendo senderos', 'password4', 'Adicto a la naturaleza y las aventuras al aire libre');
INSERT INTO `users` (id, nick, email, status, password, biography) VALUES (5, 'ArtEnthusiast', 'artenthusiast@example.com', 'Inspirado por el arte', 'password5', 'Explorando el mundo a través de la creatividad y la expresión');
INSERT INTO `users` (id, nick, email, status, password, biography) VALUES (6, 'MusicMaestro', 'musicmaestro@example.com', 'Sintonizando la vida', 'password6', 'Melómano empedernido y amante de la música en todas sus formas');
INSERT INTO `users` (id, nick, email, status, password, biography) VALUES (7, 'FitnessFanatic', 'fitnessfanatic@example.com', 'Rompiendo límites', 'password7', 'Obsesionado con el fitness y la vida saludable');
INSERT INTO `users` (id, nick, email, status, password, biography) VALUES (8, 'Bookworm', 'bookworm@example.com', 'Devorando libros', 'password8', 'Amante de las letras y los mundos que habitan entre páginas');
INSERT INTO `users` (id, nick, email, status, password, biography) VALUES (9, 'TechGuru', 'techguru@example.com', 'Explorando la vanguardia', 'password9', 'Fascinado por la tecnología y las últimas tendencias');
INSERT INTO `users` (id, nick, email, status, password, biography) VALUES (10, 'FoodieExplorer', 'foodieexplorer@example.com', 'Degustando el mundo', 'password10', 'Viajero culinario en búsqueda de nuevos sabores');
INSERT INTO `users` (id, nick, email, status, password, biography) VALUES (11, 'AdventureSeeker', 'adventureseeker@example.com', 'Buscando emociones', 'password11', 'Aventurero en busca de la próxima gran experiencia');
INSERT INTO `users` (id, nick, email, status, password, biography) VALUES (12, 'HistoryBuff', 'historybuff@example.com', 'Navegando en el tiempo', 'password12', 'Apasionado por la historia y los misterios del pasado');
INSERT INTO `users` (id, nick, email, status, password, biography) VALUES (13, 'FilmFanatic', 'filmfanatic@example.com', 'Explorando la cinematografía', 'password13', 'Amante del cine y los mundos que crea');
INSERT INTO `users` (id, nick, email, status, password, biography) VALUES (14, 'DIYEnthusiast', 'diyenthusiast@example.com', 'Creando el futuro', 'password14', 'Fanático del bricolaje y las manualidades');
INSERT INTO `users` (id, nick, email, status, password, biography) VALUES (15, 'NatureLover', 'naturelover@example.com', 'Abrazando la naturaleza', 'password15', 'Amante de la madre naturaleza y todo lo que tiene para ofrecer');
INSERT INTO `users` (id, nick, email, status, password, biography) VALUES (16, 'TravelBug', 'travelbug@example.com', 'Descubriendo el mundo', 'password16', 'Nómada en constante búsqueda de nuevos destinos');
INSERT INTO `users` (id, nick, email, status, password, biography) VALUES (17, 'Fashionista', 'fashionista@example.com', 'Marcando tendencias', 'password17', 'Siempre a la vanguardia en el mundo de la moda');
INSERT INTO `users` (id, nick, email, status, password, biography) VALUES (18, 'AnimalLover', 'animallover@example.com', 'Rescatando corazones', 'password18', 'Defensor de los derechos de los animales y amante de las mascotas');
INSERT INTO `users` (id, nick, email, status, password, biography) VALUES (19, 'TechSavvy', 'techsavvy@example.com', 'Navegando la red', 'password19', 'Experto en tecnología y adicto a las últimas novedades');
INSERT INTO `users` (id, nick, email, status, password, biography) VALUES (20, 'AdventureEnthusiast', 'adventureenthusiast@example.com', 'Viviendo al límite', 'password20', 'Adicto a la adrenalina y siempre en busca de la próxima aventura');

-- -- Inserción de datos para la tabla `forums`
INSERT INTO `forums` (id, title, status, description, rules, creation_date, interactions, creator_id) VALUES (1, 'Charla Tecnológica', 'Explorando el futuro tecnológico', 'Discusión sobre las últimas tendencias y avances en tecnología', 'Respeto mutuo, no spam', '2024-01-01 00:00:00', 1129, 1);
INSERT INTO `forums` (id, title, status, description, rules, creation_date, interactions, creator_id) VALUES (2, 'Apreciación del Arte', 'Inspirándose en la creatividad', 'Compartiendo y discutiendo arte en todas sus formas', 'Respeto a los artistas y sus obras, críticas constructivas', '2024-01-02 00:00:00', 140, 2);
INSERT INTO `forums` (id, title, status, description, rules, creation_date, interactions, creator_id) VALUES (3, 'Delicias Culinarias', 'Explorando el mundo culinario', 'Compartiendo recetas, consejos y experiencias culinarias', 'Compartir solo contenido relevante, respeto a las opiniones culinarias', '2024-01-03 00:00:00', 140, 3);
INSERT INTO `forums` (id, title, status, description, rules, creation_date, interactions, creator_id) VALUES (4, 'Aventuras al Aire Libre', 'Explorando la naturaleza', 'Compartiendo experiencias y consejos sobre actividades al aire libre', 'Seguridad primero, respeto a la naturaleza', '2024-01-04 00:00:00', 140, 4);
INSERT INTO `forums` (id, title, status, description, rules, creation_date, interactions, creator_id) VALUES (5, 'Club de Lectura', 'Sumergiéndose en la lectura', 'Discutiendo y compartiendo opiniones sobre libros', 'Respeto a todas las opiniones, discusiones constructivas', '2024-01-05 00:00:00', 127, 8);
INSERT INTO `forums` (id, title, status, description, rules, creation_date, interactions, creator_id) VALUES (6, 'Amantes del Cine', 'Explorando el séptimo arte', 'Compartiendo recomendaciones y opiniones sobre cine', 'Respeto a todas las opiniones, evitar spoilers', '2024-01-06 00:00:00', 140, 13);
INSERT INTO `forums` (id, title, status, description, rules, creation_date, interactions, creator_id) VALUES (7, 'Proyectos de Hazlo Tú Mismo', 'Creando cosas increíbles', 'Compartiendo proyectos DIY y consejos de bricolaje', 'Compartir solo proyectos propios o con atribución adecuada', '2024-01-07 00:00:00', 140, 14);
INSERT INTO `forums` (id, title, status, description, rules, creation_date, interactions, creator_id) VALUES (8, 'Relatos de Viaje', 'Descubriendo nuevos horizontes', 'Compartiendo historias y consejos de viaje', 'Respeto a todas las culturas, evitar contenido inapropiado', '2024-01-08 00:00:00', 0, 16);
INSERT INTO `forums` (id, title, status, description, rules, creation_date, interactions, creator_id) VALUES (9, 'Moda Avanzada', 'Explorando el mundo de la moda', 'Compartiendo tendencias y consejos de moda', 'Respeto a todas las expresiones de moda, evitar críticas destructivas', '2024-01-09 00:00:00', 0, 17);
INSERT INTO `forums` (id, title, status, description, rules, creation_date, interactions, creator_id) VALUES (10, 'Reino Animal', 'Celebrando a nuestros amigos peludos', 'Compartiendo historias y consejos sobre mascotas y vida animal', 'Respeto a los derechos de los animales, evitar contenido sensible', '2024-01-10 00:00:00', 0, 18);
INSERT INTO `forums` (id, title, status, description, rules, creation_date, interactions, creator_id) VALUES (11, 'Manía Musical', 'Explorando Sonidos y Ritmos', 'Discutiendo géneros musicales favoritos, artistas y conciertos', 'Sin piratería, respetar las leyes de derechos de autor', '2024-06-01 00:00:00', 0, 5);
INSERT INTO `forums` (id, title, status, description, rules, creation_date, interactions, creator_id) VALUES (12, 'Fanáticos del Fitness', 'Potenciando Estilos de Vida Saludables', 'Compartiendo rutinas de ejercicio, consejos de nutrición y desafíos de fitness', 'Sin body shaming, promover una imagen corporal positiva', '2024-06-02 00:00:00', 0, 7);
INSERT INTO `forums` (id, title, status, description, rules, creation_date, interactions, creator_id) VALUES (13, 'Centro de Soporte Técnico', 'Resolviendo Dilemas Digitales Juntos', 'Ofreciendo consejos tecnológicos, tips de resolución de problemas y reseñas de gadgets', 'Sin spam, proporcionar información precisa', '2024-06-03 00:00:00', 0, 9);
INSERT INTO `forums` (id, title, status, description, rules, creation_date, interactions, creator_id) VALUES (14, 'Cocina Creativa', 'Creando Obras Maestras Culinarias', 'Compartiendo recetas gourmet, técnicas de cocina e ideas de presentación de alimentos', 'Sin criticar la comida, celebrar la diversidad culinaria', '2024-06-04 00:00:00', 0, 11);
INSERT INTO `forums` (id, title, status, description, rules, creation_date, interactions, creator_id) VALUES (15, 'Galaxia de Videojuegos', 'Embarcándose en Aventuras Virtuales', 'Discutiendo los últimos videojuegos, estrategias de juego y eventos de e-sports', 'Respetar la diversidad de juegos, no discusiones sobre trampas', '2024-06-05 00:00:00', 0, 13);
INSERT INTO `forums` (id, title, status, description, rules, creation_date, interactions, creator_id) VALUES (16, 'Intercambio de Idiomas', 'Conectando a través del Multilingüismo', 'Practicando habilidades lingüísticas, compartiendo recursos para aprender idiomas', 'Respetar a los estudiantes de idiomas de todos los niveles, no hay discursos de odio', '2024-06-06 00:00:00', 0, 15);
INSERT INTO `forums` (id, title, status, description, rules, creation_date, interactions, creator_id) VALUES (17, 'Ideas de Decoración del Hogar', 'Elevando Espacios de Vida', 'Compartiendo inspiración en diseño interior, consejos de mejora del hogar y proyectos de decoración', 'Respetar los diversos gustos en diseño, no contenido promocional', '2024-06-07 00:00:00', 0, 17);
INSERT INTO `forums` (id, title, status, description, rules, creation_date, interactions, creator_id) VALUES (18, 'Centro de Emprendimiento', 'Potenciando a los Innovadores Empresariales', 'Discutiendo ideas de startups, estrategias empresariales y desafíos del emprendimiento', 'Respetar los derechos de propiedad intelectual, no hay esquemas para hacerse rico rápidamente', '2024-06-08 00:00:00', 0, 19);
INSERT INTO `forums` (id, title, status, description, rules, creation_date, interactions, creator_id) VALUES (19, 'Pasión por la Fotografía', 'Capturando la Vida a Través de Lentes', 'Compartiendo consejos de fotografía, reseñas de equipo de cámara y exhibiciones de fotos impresionantes', 'Respetar las leyes de derechos de autor, se fomenta la retroalimentación constructiva', '2024-06-09 00:00:00', 0, 1);
INSERT INTO `forums` (id, title, status, description, rules, creation_date, interactions, creator_id) VALUES (20, 'Exploradores de la Ciencia', 'Desentrañando los Misterios del Universo', 'Discutiendo avances científicos, exploración espacial y avances tecnológicos', 'Promover discusiones basadas en evidencia, no pseudociencia', '2024-06-9 00:00:00', 0, 1);


-- -- Posts en el foro 'Tech Talk' 20 POSTS
INSERT INTO `posts` (title, post_date, text, likes, saveds, forum_id, author_id) VALUES ('Análisis del último smartphone de gama alta', '2024-06-9 10:00:00', '¡Hola a todos! Quiero compartir mi análisis del último smartphone de gama alta. ¿Alguien más lo ha probado?', 15, 8, 1, 1);
INSERT INTO `posts` (title, post_date, text, likes, saveds, forum_id, author_id) VALUES ('Nuevas tendencias en inteligencia artificial', '2024-06-9 11:30:00', '¡Hola techies! ¿Han notado alguna nueva tendencia en el campo de la inteligencia artificial últimamente? ¡Compartan sus pensamientos!', 20, 10, 1, 3);
INSERT INTO `posts` (title, post_date, text, likes, saveds, forum_id, author_id) VALUES ('Impresiones sobre el último lanzamiento de software', '2024-06-9 12:45:00', '¡Hola comunidad! Quiero compartir mis impresiones sobre el último lanzamiento de software. ¿Qué opinan ustedes?', 18, 6, 1, 5);
INSERT INTO `posts` (title, post_date, text, likes, saveds, forum_id, author_id) VALUES ('Debate: ¿El futuro de la realidad virtual?', '2024-06-9 14:20:00', '¡Hola todos! Quiero iniciar un debate sobre el futuro de la realidad virtual. ¿Qué creen que nos espera en los próximos años?', 25, 12, 1, 7);
INSERT INTO `posts` (title, post_date, text, likes, saveds, forum_id, author_id) VALUES ('Comparativa de cámaras de teléfonos inteligentes', '2024-06-9 15:55:00', '¡Hola amantes de la fotografía móvil! Estoy realizando una comparativa de cámaras de teléfonos inteligentes. ¿Alguien tiene alguna recomendación?', 22, 9, 1, 9);
INSERT INTO `posts` (title, post_date, text, likes, saveds, forum_id, author_id) VALUES ('Impacto de la tecnología en la educación', '2024-06-9 17:10:00', '¡Hola colegas! Estoy interesado en conocer su opinión sobre el impacto de la tecnología en la educación. ¿Cómo ha cambiado la forma en que aprendemos y enseñamos?', 28, 15, 1, 11);
INSERT INTO `posts` (title, post_date, text, likes, saveds, forum_id, author_id) VALUES ('Desafíos éticos en la inteligencia artificial', '2024-06-9 18:25:00', '¡Hola a todos! Quiero discutir los desafíos éticos en el campo de la inteligencia artificial. ¿Qué dilemas éticos creen que debemos abordar?', 30, 18, 1, 13);
INSERT INTO `posts` (title, post_date, text, likes, saveds, forum_id, author_id) VALUES ('Tecnología wearable: ¿Moda o función?', '2024-06-9 19:40:00', '¡Hola techies! Estoy debatiendo si la tecnología wearable es más moda que función. ¿Qué opinan ustedes?', 24, 11, 1, 15);
INSERT INTO `posts` (title, post_date, text, likes, saveds, forum_id, author_id) VALUES ('Inteligencia artificial en el sector médico', '2024-06-9 20:55:00', '¡Hola a todos! Quiero discutir el papel de la inteligencia artificial en el sector médico. ¿Cómo está cambiando la atención médica?', 35, 20, 1, 17);
INSERT INTO `posts` (title, post_date, text, likes, saveds, forum_id, author_id) VALUES ('El futuro de los vehículos eléctricos', '2024-06-9 22:10:00', '¡Hola entusiastas de la tecnología! Estoy emocionado por el futuro de los vehículos eléctricos. ¿Alguien más sigue de cerca esta tendencia?', 29, 14, 1, 19);
INSERT INTO `posts` (title, post_date, text, likes, saveds, forum_id, author_id) VALUES ('Blockchain y su impacto en la industria financiera', '2024-06-9 23:25:00', '¡Hola comunidad! Quiero hablar sobre el impacto de la tecnología blockchain en la industria financiera. ¿Cómo creen que cambiará la forma en que manejamos el dinero?', 32, 17, 1, 1);
INSERT INTO `posts` (title, post_date, text, likes, saveds, forum_id, author_id) VALUES ('Privacidad en línea: ¿Un mito o una necesidad?', '2024-06-1 09:00:00', '¡Hola a todos! Estoy debatiendo sobre la privacidad en línea y si es un mito o una necesidad. ¿Qué medidas toman para proteger su privacidad?', 27, 13, 1, 13);
INSERT INTO `posts` (title, post_date, text, likes, saveds, forum_id, author_id) VALUES ('Innovaciones tecnológicas en la atención médica', '2024-06-1 10:15:00', '¡Hola colegas! Quiero discutir las últimas innovaciones tecnológicas en la atención médica. ¿Cuáles son algunas de las tecnologías más emocionantes en este campo?', 31, 16, 1, 17);
INSERT INTO `posts` (title, post_date, text, likes, saveds, forum_id, author_id) VALUES ('Seguridad cibernética: Protegiendo nuestros datos', '2024-06-1 11:30:00', '¡Hola a todos! Quiero hablar sobre la seguridad cibernética y cómo podemos proteger nuestros datos en línea. ¿Alguien tiene consejos o recomendaciones?', 34, 19, 1, 2);
INSERT INTO `posts` (title, post_date, text, likes, saveds, forum_id, author_id) VALUES ('Inteligencia artificial en la industria automotriz', '2024-06-1 12:45:00', '¡Hola entusiastas de la tecnología! Estoy interesado en discutir el papel de la inteligencia artificial en la industria automotriz. ¿Qué avances están emocionados de ver?', 26, 10, 1, 8);
INSERT INTO `posts` (title, post_date, text, likes, saveds, forum_id, author_id) VALUES ('El futuro del trabajo: ¿Cómo nos afectará la tecnología?', '2024-06-1 14:00:00', '¡Hola a todos! Estoy debatiendo sobre cómo la tecnología está moldeando el futuro del trabajo. ¿Qué cambios creen que veremos en los próximos años?', 30, 15, 1, 5);
INSERT INTO `posts` (title, post_date, text, likes, saveds, forum_id, author_id) VALUES ('Realidad aumentada: ¿El futuro del entretenimiento?', '2024-06-1 15:15:00', '¡Hola a todos! Quiero discutir si la realidad aumentada es el futuro del entretenimiento. ¿Qué aplicaciones emocionantes ven en este campo?', 23, 12, 1, 2);
INSERT INTO `posts` (title, post_date, text, likes, saveds, forum_id, author_id) VALUES ('Inteligencia artificial y creatividad', '2024-06-1 16:30:00', '¡Hola creativos! Estoy interesado en discutir cómo la inteligencia artificial está afectando la creatividad en diferentes campos. ¿Qué opiniones tienen?', 28, 14, 1, 4);
INSERT INTO `posts` (title, post_date, text, likes, saveds, forum_id, author_id) VALUES ('Criptomonedas: ¿La moneda del futuro?', '2024-06-1 17:45:00', '¡Hola comunidad! Quiero hablar sobre las criptomonedas y si creen que son la moneda del futuro. ¿Han invertido en cripto?', 32, 18, 1, 1);

-- -- Art appreciation
INSERT INTO `posts` (title, post_date, text, likes, saveds, forum_id, author_id) VALUES ('Descubriendo la obra de Van Gogh', '2024-06-9 10:00:00', '¡Hola amantes del arte! Hoy quiero discutir la obra de Van Gogh. ¿Cuál es tu pintura favorita?', 20, 8, 2, 1);
INSERT INTO `posts` (title, post_date, text, likes, saveds, forum_id, author_id) VALUES ('La influencia del Renacimiento en el arte contemporáneo', '2024-06-9 11:30:00', '¡Buen día! Estoy explorando la influencia del Renacimiento en el arte contemporáneo. ¿Qué conexiones puedes identificar?', 15, 5, 2, 3);
INSERT INTO `posts` (title, post_date, text, likes, saveds, forum_id, author_id) VALUES ('Análisis de la escultura "El Pensador" de Rodin', '2024-06-9 12:45:00', '¡Saludos! Me gustaría compartir un análisis de la escultura "El Pensador" de Rodin. ¿Qué opinas sobre esta obra?', 18, 6, 2, 5);
INSERT INTO `posts` (title, post_date, text, likes, saveds, forum_id, author_id) VALUES ('El arte callejero como forma de expresión', '2024-06-9 14:20:00', '¡Hola a todos! Quiero discutir el arte callejero como forma de expresión. ¿Cuáles son tus obras favoritas?', 25, 12, 2, 7);
INSERT INTO `posts` (title, post_date, text, likes, saveds, forum_id, author_id) VALUES ('Explorando el surrealismo', '2024-06-9 15:55:00', '¡Hola artistas! Estoy explorando el movimiento surrealista. ¿Qué artistas y obras surrealistas te inspiran?', 22, 9, 2, 9);

-- -- Culindry delights
INSERT INTO `posts` (title, post_date, text, likes, saveds, forum_id, author_id) VALUES ('Receta de risotto de champiñones', '2024-06-9 10:00:00', '¡Buen provecho! Comparto mi receta favorita de risotto de champiñones. ¿Alguien más disfruta de este plato?', 20, 8, 3, 1);
INSERT INTO `posts` (title, post_date, text, likes, saveds, forum_id, author_id) VALUES ('Experiencia en la cocina tailandesa', '2024-06-9 11:30:00', '¡Hola chefs! Quiero compartir mi experiencia cocinando platos tailandeses. ¿Qué cocinas étnicas te gusta explorar?', 15, 5, 3, 3);
INSERT INTO `posts` (title, post_date, text, likes, saveds, forum_id, author_id) VALUES ('Consejos para principiantes en la cocina', '2024-06-9 12:45:00', '¡Hola amantes de la cocina! Comparto algunos consejos útiles para principiantes en la cocina. ¿Tienes algún consejo para agregar?', 18, 6, 3, 5);
INSERT INTO `posts` (title, post_date, text, likes, saveds, forum_id, author_id) VALUES ('Experimentando con la repostería francesa', '2024-06-9 14:20:00', '¡Buen día! Estoy experimentando con la repostería francesa. ¿Cuáles son tus postres franceses favoritos?', 25, 12, 3, 7);
INSERT INTO `posts` (title, post_date, text, likes, saveds, forum_id, author_id) VALUES ('La importancia de la presentación en la cocina', '2024-06-9 15:55:00', '¡Hola chefs creativos! Quiero discutir la importancia de la presentación en la cocina. ¿Cómo presentas tus platos de manera única?', 22, 9, 3, 9);

-- -- Outdoor Adventures
INSERT INTO `posts` (title, post_date, text, likes, saveds, forum_id, author_id) VALUES ('Senderismo en los Alpes: Una experiencia inolvidable', '2024-06-9 10:00:00', '¡Hola aventureros! Quiero compartir mi experiencia de senderismo en los Alpes. ¿Alguien más ha explorado esta increíble región?', 20, 8, 4, 1);
INSERT INTO `posts` (title, post_date, text, likes, saveds, forum_id, author_id) VALUES ('Consejos para acampar en climas extremos', '2024-06-9 11:30:00', '¡Buen día! Comparto algunos consejos útiles para acampar en climas extremos. ¿Tienes alguna experiencia para compartir?', 15, 5, 4, 3);
INSERT INTO `posts` (title, post_date, text, likes, saveds, forum_id, author_id) VALUES ('Explorando la selva amazónica', '2024-06-9 12:45:00', '¡Hola exploradores! Quiero hablar sobre mi aventura explorando la selva amazónica. ¿Alguien más ha tenido la oportunidad de visitar este increíble lugar?', 18, 6, 4, 5);
INSERT INTO `posts` (title, post_date, text, likes, saveds, forum_id, author_id) VALUES ('Escalada en roca: Superando desafíos verticales', '2024-06-9 14:20:00', '¡Hola amantes de la escalada! Comparto mi experiencia superando desafíos verticales en la escalada en roca. ¿Cuál ha sido tu ascenso más desafiante?', 25, 12, 4, 7);
INSERT INTO `posts` (title, post_date, text, likes, saveds, forum_id, author_id) VALUES ('Rafting en aguas bravas: Emoción y adrenalina', '2024-06-9 15:55:00', '¡Hola aventureros acuáticos! Quiero hablar sobre mi experiencia haciendo rafting en aguas bravas. ¿Alguien más disfruta de esta emocionante actividad?', 22, 9, 4, 9);

-- -- Book Club
INSERT INTO `posts` (title, post_date, text, likes, saveds, forum_id, author_id) VALUES ('Recomendación de lectura: "Cien años de soledad"', '2024-06-9 10:00:00', '¡Hola lectores! Les recomiendo encarecidamente "Cien años de soledad" de Gabriel García Márquez. ¿Alguien más lo ha leído?', 15, 5, 5, 1);
INSERT INTO `posts` (title, post_date, text, likes, saveds, forum_id, author_id) VALUES ('Reflexiones sobre "El principito"', '2024-06-9 11:30:00', '¡Buen día! Quiero compartir algunas reflexiones sobre "El principito" de Antoine de Saint-Exupéry. ¿Cuál es tu cita favorita de este libro?', 12, 3, 5, 3);
INSERT INTO `posts` (title, post_date, text, likes, saveds, forum_id, author_id) VALUES ('Debate sobre los géneros literarios', '2024-06-9 12:45:00', '¡Hola lectores apasionados! Estoy interesado en abrir un debate sobre los diferentes géneros literarios. ¿Cuál es tu género favorito y por qué?', 18, 6, 5, 5);
INSERT INTO `posts` (title, post_date, text, likes, saveds, forum_id, author_id) VALUES ('Análisis de personajes en "Orgullo y prejuicio"', '2024-06-9 14:20:00', '¡Hola amantes de la literatura clásica! Quiero profundizar en el análisis de personajes en "Orgullo y prejuicio" de Jane Austen. ¿Cuál es tu personaje favorito?', 22, 9, 5, 7);
INSERT INTO `posts` (title, post_date, text, likes, saveds, forum_id, author_id) VALUES ('Club de lectura virtual: Únete a nuestra próxima sesión', '2024-06-9 15:55:00', '¡Hola lectores! Estamos organizando una sesión virtual de nuestro club de lectura para discutir nuestro próximo libro. ¿Quién se une?', 25, 12, 5, 9);

-- -- Film Buffs
INSERT INTO `posts` (title, post_date, text, likes, saveds, forum_id, author_id) VALUES ('Recomendación cinematográfica: "El Padrino"', '2024-06-9 10:00:00', '¡Hola cinéfilos! Les recomiendo encarecidamente "El Padrino" de Francis Ford Coppola. ¿Alguien más la ha visto?', 20, 8, 6, 1);
INSERT INTO `posts` (title, post_date, text, likes, saveds, forum_id, author_id) VALUES ('Análisis de la cinematografía de Stanley Kubrick', '2024-06-9 11:30:00', '¡Buen día! Estoy interesado en discutir la cinematografía de Stanley Kubrick. ¿Cuál es tu película favorita de este director?', 15, 5, 6, 3);
INSERT INTO `posts` (title, post_date, text, likes, saveds, forum_id, author_id) VALUES ('Debate sobre el cine independiente', '2024-06-9 12:45:00', '¡Hola amantes del cine independiente! Quiero abrir un debate sobre este género. ¿Cuál es tu película independiente favorita y por qué?', 18, 6, 6, 5);
INSERT INTO `posts` (title, post_date, text, likes, saveds, forum_id, author_id) VALUES ('Análisis de escenas emblemáticas en el cine', '2024-06-9 14:20:00', '¡Hola cinéfilos! Quiero analizar algunas escenas emblemáticas en el cine. ¿Cuál escena te ha impactado más y por qué?', 25, 12, 6, 7);
INSERT INTO `posts` (title, post_date, text, likes, saveds, forum_id, author_id) VALUES ('¿Qué hace que una película sea considerada un clásico?', '2024-06-9 15:55:00', '¡Hola aficionados al cine clásico! Estoy interesado en discutir los criterios que hacen que una película sea considerada un clásico. ¿Cuál es tu opinión?', 22, 9, 6, 9);

-- --  DIY Projects
INSERT INTO `posts` (title, post_date, text, likes, saveds, forum_id, author_id) VALUES ('Mi último proyecto DIY: Un banco de jardín', '2024-06-9 10:00:00', '¡Hola creativos! Quiero compartir mi último proyecto DIY: un banco de jardín hecho a mano. ¿Alguien más disfruta de hacer proyectos de carpintería?', 20, 8, 7, 1);
INSERT INTO `posts` (title, post_date, text, likes, saveds, forum_id, author_id) VALUES ('Consejos para principiantes en el bricolaje', '2024-06-9 11:30:00', '¡Buen día! Comparto algunos consejos útiles para principiantes en el bricolaje. ¿Tienes algún consejo para agregar?', 15, 5, 7, 3);
INSERT INTO `posts` (title, post_date, text, likes, saveds, forum_id, author_id) VALUES ('Proyecto de decoración: Renovando mi sala de estar', '2024-06-9 12:45:00', '¡Hola amantes del diseño! Estoy emocionado de compartir mi proyecto de decoración: renovando mi sala de estar. ¿Alguien más disfruta de redecorar espacios?', 18, 6, 7, 5);
INSERT INTO `posts` (title, post_date, text, likes, saveds, forum_id, author_id) VALUES ('Reciclando muebles viejos: Ideas creativas', '2024-06-9 14:20:00', '¡Hola creativos! Quiero discutir ideas creativas para reciclar muebles viejos. ¿Tienes alguna idea para compartir?', 25, 12, 7, 7);
INSERT INTO `posts` (title, post_date, text, likes, saveds, forum_id, author_id) VALUES ('Organización de herramientas: Consejos útiles', '2024-06-9 15:55:00', '¡Hola aficionados al bricolaje! Comparto algunos consejos útiles para organizar herramientas en tu taller. ¿Cuál es tu herramienta imprescindible?', 22, 9, 7, 9);

-- -- RESPUESTAS POST 1
INSERT INTO `posts` (title, post_date, text, likes, saveds, forum_id, author_id, replied_post_id) VALUES ('¡Gracias por compartir!', '2024-06-9 10:15:00', '¡Gracias por compartir tu análisis! Estoy deseando leerlo. Todavía no he probado ese smartphone, pero he oído muchas cosas buenas al respecto.', 12, 4, 1, 8, 1);
INSERT INTO `posts` (title, post_date, text, likes, saveds, forum_id, author_id, replied_post_id) VALUES ('Mi experiencia con el teléfono', '2024-06-9 10:30:00', 'He estado usando el teléfono durante unas semanas y estoy muy impresionado con su rendimiento. La calidad de la cámara es excepcional.', 10, 3, 1, 9, 1);
INSERT INTO `posts` (title, post_date, text, likes, saveds, forum_id, author_id, replied_post_id) VALUES ('Problemas con la duración de la batería', '2024-06-9 11:00:00', 'Estoy teniendo algunos problemas con la duración de la batería. ¿Alguien más ha experimentado esto?', 8, 2, 1, 10, 1);
INSERT INTO `posts` (title, post_date, text, likes, saveds, forum_id, author_id, replied_post_id) VALUES ('Compartiendo mi opinión', '2024-06-9 11:20:00', 'Creo que el diseño del teléfono es impresionante. La pantalla es nítida y los colores son vibrantes.', 15, 6, 1, 11, 1);
INSERT INTO `posts` (title, post_date, text, likes, saveds, forum_id, author_id, replied_post_id) VALUES ('Interesante análisis', '2024-06-9 11:45:00', 'Gracias por compartir tu análisis. Coincido en muchos de tus puntos. Este smartphone realmente marca la pauta en la industria.', 18, 8, 1, 12, 1);

-- -- RESPUESTAS AL POST 2
INSERT INTO `posts` (title, post_date, text, likes, saveds, forum_id, author_id, replied_post_id) VALUES ('Avances en IA', '2024-06-9 11:40:00', 'He notado un aumento en el uso de la inteligencia artificial en la industria del comercio electrónico. ¡Es impresionante cómo los algoritmos de IA pueden personalizar la experiencia del usuario!', 14, 5, 1, 8, 2);
INSERT INTO `posts` (title, post_date, text, likes, saveds, forum_id, author_id, replied_post_id) VALUES ('Impacto de la IA en la medicina', '2024-06-9 12:00:00', 'Creo que uno de los desarrollos más emocionantes es el uso de la inteligencia artificial en el diagnóstico médico. Está mejorando la precisión y la rapidez de los diagnósticos.', 16, 6, 1, 9, 2);
INSERT INTO `posts` (title, post_date, text, likes, saveds, forum_id, author_id, replied_post_id) VALUES ('Aplicaciones de la IA en la educación', '2024-06-9 12:20:00', 'La inteligencia artificial está transformando la educación con sistemas de tutoría personalizados y plataformas de aprendizaje adaptativas. ¡Es emocionante ver cómo cambia la forma en que aprendemos!', 20, 8, 1, 10, 2);
INSERT INTO `posts` (title, post_date, text, likes, saveds, forum_id, author_id, replied_post_id) VALUES ('Desarrollos recientes en IA', '2024-06-9 12:45:00', 'He estado siguiendo de cerca los avances en IA y estoy emocionado por el progreso en el aprendizaje automático y la visión por computadora. ¡Estamos entrando en una nueva era de la tecnología!', 22, 10, 1, 11, 2);
INSERT INTO `posts` (title, post_date, text, likes, saveds, forum_id, author_id, replied_post_id) VALUES ('IA y el futuro del trabajo', '2024-06-9 13:10:00', 'Estoy interesado en ver cómo la inteligencia artificial impactará en el mercado laboral en los próximos años. ¿Creen que reemplazará algunos trabajos o creará nuevas oportunidades?', 18, 7, 1, 12, 2);

-- -- RESPUESTAS AL POST 3
INSERT INTO `posts` (title, post_date, text, likes, saveds, forum_id, author_id, replied_post_id) VALUES ('Compartiendo mi opinión', '2024-06-9 13:00:00', 'Me encanta la nueva interfaz de usuario, pero he experimentado algunos errores menores. En general, creo que es una actualización sólida.', 12, 4, 1, 8, 3);
INSERT INTO `posts` (title, post_date, text, likes, saveds, forum_id, author_id, replied_post_id) VALUES ('Problemas con la estabilidad', '2024-06-9 13:30:00', 'He experimentado algunos problemas de estabilidad después de la última actualización. ¿Alguien más está teniendo estos problemas?', 10, 3, 1, 9, 3);
INSERT INTO `posts` (title, post_date, text, likes, saveds, forum_id, author_id, replied_post_id) VALUES ('Esperando correcciones', '2024-06-9 14:00:00', 'Estoy deseando que se publiquen algunas correcciones para los problemas conocidos. A pesar de eso, creo que el software tiene mucho potencial.', 8, 2, 1, 10, 3);
INSERT INTO `posts` (title, post_date, text, likes, saveds, forum_id, author_id, replied_post_id) VALUES ('Buenas y malas experiencias', '2024-06-9 14:30:00', 'Me gusta la mayoría de las nuevas características, pero algunos cambios en la interfaz de usuario son un poco confusos. En general, estoy satisfecho con la actualización.', 14, 6, 1, 11, 3);
INSERT INTO `posts` (title, post_date, text, likes, saveds, forum_id, author_id, replied_post_id) VALUES ('Expectativas para futuras actualizaciones', '2024-06-9 15:00:00', 'Creo que esta versión es un buen paso adelante, pero todavía hay margen de mejora. Espero que la próxima actualización solucione algunos de los problemas reportados.', 16, 7, 1, 12, 3);

-- -- RESPUESTAS A LA SEGUNDA RESPUESTA DEL POST 1
INSERT INTO `posts` (title, post_date, text, likes, saveds, forum_id, author_id, replied_post_id) VALUES ('¡Gracias por compartir tu experiencia!', '2024-06-9 10:40:00', 'Tu experiencia suena genial. Estoy considerando comprar el mismo teléfono, ¡así que tu opinión es muy útil!', 12, 4, 1, 10, 52);
INSERT INTO `posts` (title, post_date, text, likes, saveds, forum_id, author_id, replied_post_id) VALUES ('Pregunta sobre la duración de la batería', '2024-06-9 11:00:00', '¿Qué tal es la duración de la batería? Es un factor importante para mí al elegir un nuevo teléfono.', 8, 2, 1, 11, 52);
INSERT INTO `posts` (title, post_date, text, likes, saveds, forum_id, author_id, replied_post_id) VALUES ('Opinión sobre el diseño', '2024-06-9 11:20:00', '¿Qué opinas del diseño del teléfono? ¿Es cómodo de sostener?', 10, 3, 1, 12, 52);
INSERT INTO `posts` (title, post_date, text, likes, saveds, forum_id, author_id, replied_post_id) VALUES ('Pregunta sobre la interfaz de usuario', '2024-06-9 11:40:00', '¿Cómo es la interfaz de usuario? ¿Es fácil de navegar?', 9, 2, 1, 13, 52);
INSERT INTO `posts` (title, post_date, text, likes, saveds, forum_id, author_id, replied_post_id) VALUES ('Comparación con otros teléfonos', '2024-06-9 12:00:00', '¿Has usado otros teléfonos de gama alta para comparar? Me gustaría saber cómo se compara este con otros en términos de rendimiento y características.', 14, 5, 1, 1, 52);

-- -- -- Inserción de datos para la tabla `user_forum`
INSERT INTO `forum_user` (user_id, forum_id, is_admin, is_followed) VALUES (1, 2, 1, 1);
INSERT INTO `forum_user` (user_id, forum_id, is_admin, is_followed) VALUES (2, 1, 1, 1);
INSERT INTO `forum_user` (user_id, forum_id, is_admin, is_followed) VALUES (3, 1, 1, 1);
INSERT INTO `forum_user` (user_id, forum_id, is_admin, is_followed) VALUES (3, 2, 1, 1);
INSERT INTO `forum_user` (user_id, forum_id, is_followed) VALUES (4, 1, 1);
INSERT INTO `forum_user` (user_id, forum_id, is_followed) VALUES (4, 2, 1);
INSERT INTO `forum_user` (user_id, forum_id, is_followed) VALUES (5, 1, 1);
INSERT INTO `forum_user` (user_id, forum_id, is_followed) VALUES (5, 2, 1);
INSERT INTO `forum_user` (user_id, forum_id, is_admin, is_followed) VALUES (6, 1, 1, 1);
INSERT INTO `forum_user` (user_id, forum_id, is_admin, is_followed) VALUES (6, 2, 1, 1);
INSERT INTO `forum_user` (user_id, forum_id, is_followed) VALUES (7, 1, 1);
INSERT INTO `forum_user` (user_id, forum_id, is_followed) VALUES (7, 2, 1);
INSERT INTO `forum_user` (user_id, forum_id, is_followed) VALUES (8, 1, 1);
INSERT INTO `forum_user` (user_id, forum_id, is_followed) VALUES (8, 2, 1);
INSERT INTO `forum_user` (user_id, forum_id, is_followed) VALUES (9, 1, 1);
INSERT INTO `forum_user` (user_id, forum_id, is_followed) VALUES (9, 2, 1);
INSERT INTO `forum_user` (user_id, forum_id, is_followed) VALUES (10, 1, 1);
INSERT INTO `forum_user` (user_id, forum_id, is_admin, is_followed) VALUES (1, 5, 1, 1);
INSERT INTO `forum_user` (user_id, forum_id, is_admin, is_followed) VALUES (1, 6, 1, 1);
INSERT INTO `forum_user` (user_id, forum_id, is_admin, is_followed) VALUES (1, 7, 1, 1);
INSERT INTO `forum_user` (user_id, forum_id, is_admin, is_followed) VALUES (12, 1, 1, 1);
INSERT INTO `forum_user` (user_id, forum_id, is_admin, is_followed) VALUES (12, 2, 1, 1);
INSERT INTO `forum_user` (user_id, forum_id, is_admin, is_followed) VALUES (13, 1, 1, 1);
INSERT INTO `forum_user` (user_id, forum_id, is_followed) VALUES (13, 2, 1);
INSERT INTO `forum_user` (user_id, forum_id, is_followed) VALUES (14, 1, 1);
INSERT INTO `forum_user` (user_id, forum_id, is_followed) VALUES (14, 2, 1);
INSERT INTO `forum_user` (user_id, forum_id, is_followed) VALUES (15, 1, 1);
INSERT INTO `forum_user` (user_id, forum_id, is_followed) VALUES (15, 2, 1);
INSERT INTO `forum_user` (user_id, forum_id, is_followed) VALUES (16, 1, 1);
INSERT INTO `forum_user` (user_id, forum_id, is_followed) VALUES (16, 2, 1);
INSERT INTO `forum_user` (user_id, forum_id, is_followed) VALUES (17, 1, 1);
INSERT INTO `forum_user` (user_id, forum_id, is_followed) VALUES (17, 2, 1);
INSERT INTO `forum_user` (user_id, forum_id, is_followed) VALUES (18, 1, 1);
INSERT INTO `forum_user` (user_id, forum_id, is_followed) VALUES (18, 2, 1);
INSERT INTO `forum_user` (user_id, forum_id, is_followed) VALUES (19, 1, 1);
INSERT INTO `forum_user` (user_id, forum_id, is_followed) VALUES (19, 2, 1);
INSERT INTO `forum_user` (user_id, forum_id, is_followed) VALUES (20, 1, 1);
INSERT INTO `forum_user` (user_id, forum_id, is_followed) VALUES (20, 2, 1);


-- -- El usuario 1 sigue a los usuarios del 2 al 10
INSERT INTO `followers` (followed_id, follower_id) VALUES (2, 1);
INSERT INTO `followers` (followed_id, follower_id) VALUES (3, 1);
INSERT INTO `followers` (followed_id, follower_id) VALUES (4, 1);
INSERT INTO `followers` (followed_id, follower_id) VALUES (5, 1);
INSERT INTO `followers` (followed_id, follower_id) VALUES (6, 1);
INSERT INTO `followers` (followed_id, follower_id) VALUES (7, 1);
INSERT INTO `followers` (followed_id, follower_id) VALUES (8, 1);
INSERT INTO `followers` (followed_id, follower_id) VALUES (9, 1);
INSERT INTO `followers` (followed_id, follower_id) VALUES (10, 1);

-- -- El usuario 2 es seguido por los usuarios del 1 al 11
INSERT INTO `followers` (followed_id, follower_id) VALUES (1, 13);
INSERT INTO `followers` (followed_id, follower_id) VALUES (1, 14);
INSERT INTO `followers` (followed_id, follower_id) VALUES (1, 15);
INSERT INTO `followers` (followed_id, follower_id) VALUES (1, 16);
INSERT INTO `followers` (followed_id, follower_id) VALUES (1, 17);
INSERT INTO `followers` (followed_id, follower_id) VALUES (1, 18);
INSERT INTO `followers` (followed_id, follower_id) VALUES (1, 19);
INSERT INTO `followers` (followed_id, follower_id) VALUES (1, 11);